-- MySQL Script generated by MySQL Workbench
-- 02/17/16 16:01:27
-- Model: New Model    Version: 1.0
-- MySQL Workbench Forward Engineering

SET @OLD_UNIQUE_CHECKS=@@UNIQUE_CHECKS, UNIQUE_CHECKS=0;
SET @OLD_FOREIGN_KEY_CHECKS=@@FOREIGN_KEY_CHECKS, FOREIGN_KEY_CHECKS=0;
SET @OLD_SQL_MODE=@@SQL_MODE, SQL_MODE='TRADITIONAL,ALLOW_INVALID_DATES';

-- -----------------------------------------------------
-- Schema mydb
-- -----------------------------------------------------
DROP SCHEMA IF EXISTS `mydb` ;

-- -----------------------------------------------------
-- Schema mydb
-- -----------------------------------------------------
CREATE SCHEMA IF NOT EXISTS `mydb` DEFAULT CHARACTER SET utf8 ;
SHOW WARNINGS;
USE `mydb` ;

-- -----------------------------------------------------
-- Table `mydb`.`customer`
-- -----------------------------------------------------
DROP TABLE IF EXISTS `mydb`.`customer` ;

SHOW WARNINGS;
CREATE TABLE IF NOT EXISTS `mydb`.`customer` (
  `cus_id` INT NOT NULL,
  `cus_fname` VARCHAR(45) NOT NULL,
  `cus_lname` VARCHAR(45) NOT NULL,
  `cus_street` VARCHAR(45) NOT NULL,
  `cus_city` VARCHAR(45) NOT NULL,
  `cus_state` CHAR(2) NOT NULL,
  `cus_zip` INT NOT NULL,
  `cus_phone` BIGINT NOT NULL,
  `cus_email` VARCHAR(45) NOT NULL,
  `cus_url` VARCHAR(45) NULL,
  `cus_total_sales` INT NOT NULL,
  `cus_balance` INT NOT NULL,
  `cus_note` VARCHAR(45) NULL,
  PRIMARY KEY (`cus_id`))
ENGINE = InnoDB;

SHOW WARNINGS;

-- -----------------------------------------------------
-- Table `mydb`.`petstore`
-- -----------------------------------------------------
DROP TABLE IF EXISTS `mydb`.`petstore` ;

SHOW WARNINGS;
CREATE TABLE IF NOT EXISTS `mydb`.`petstore` (
  `str_id` INT NOT NULL,
  `str_fname` VARCHAR(45) NOT NULL,
  `str_lname` VARCHAR(45) NOT NULL,
  `str_street` VARCHAR(45) NOT NULL,
  `str_city` VARCHAR(45) NOT NULL,
  `str_state` CHAR(2) NOT NULL,
  `str_zip` INT NOT NULL,
  `str_phone` BIGINT NOT NULL,
  `str_email` VARCHAR(45) NOT NULL,
  `str_url` VARCHAR(45) NOT NULL,
  `str_ytd_sales` INT NOT NULL,
  `str_note` VARCHAR(45) NULL,
  PRIMARY KEY (`str_id`))
ENGINE = InnoDB;

SHOW WARNINGS;

-- -----------------------------------------------------
-- Table `mydb`.`pet`
-- -----------------------------------------------------
DROP TABLE IF EXISTS `mydb`.`pet` ;

SHOW WARNINGS;
CREATE TABLE IF NOT EXISTS `mydb`.`pet` (
  `pet_id` INT NOT NULL,
  `pet_type` VARCHAR(45) NOT NULL,
  `pet_sex` CHAR(1) NOT NULL,
  `pet_price` INT NOT NULL,
  `pet_age` INT NOT NULL,
  `pet_color` VARCHAR(45) NOT NULL,
  `pet_sale_date` DATE NOT NULL,
  `pet_vaccine` CHAR(1) NOT NULL,
  `pet_neuter` CHAR(1) NOT NULL,
  `note` VARCHAR(45) NULL,
  `customer_cus_id` INT NOT NULL,
  `petstore_str_id` INT NOT NULL,
  PRIMARY KEY (`pet_id`, `customer_cus_id`, `petstore_str_id`),
  INDEX `fk_pet_customer_idx` (`customer_cus_id` ASC),
  INDEX `fk_pet_petstore1_idx` (`petstore_str_id` ASC),
  CONSTRAINT `fk_pet_customer`
    FOREIGN KEY (`customer_cus_id`)
    REFERENCES `mydb`.`customer` (`cus_id`)
    ON DELETE NO ACTION
    ON UPDATE NO ACTION,
  CONSTRAINT `fk_pet_petstore1`
    FOREIGN KEY (`petstore_str_id`)
    REFERENCES `mydb`.`petstore` (`str_id`)
    ON DELETE NO ACTION
    ON UPDATE NO ACTION)
ENGINE = InnoDB;

SHOW WARNINGS;

-- -----------------------------------------------------
-- Table `mydb`.`petstore`
-- -----------------------------------------------------
DROP TABLE IF EXISTS `mydb`.`petstore` ;

SHOW WARNINGS;
CREATE TABLE IF NOT EXISTS `mydb`.`petstore` (
  `str_id` INT NOT NULL,
  `str_fname` VARCHAR(45) NOT NULL,
  `str_lname` VARCHAR(45) NOT NULL,
  `str_street` VARCHAR(45) NOT NULL,
  `str_city` VARCHAR(45) NOT NULL,
  `str_state` CHAR(2) NOT NULL,
  `str_zip` INT NOT NULL,
  `str_phone` BIGINT NOT NULL,
  `str_email` VARCHAR(45) NOT NULL,
  `str_url` VARCHAR(45) NOT NULL,
  `str_ytd_sales` INT NOT NULL,
  `str_note` VARCHAR(45) NULL,
  PRIMARY KEY (`str_id`))
ENGINE = InnoDB;

SHOW WARNINGS;

SET SQL_MODE=@OLD_SQL_MODE;
SET FOREIGN_KEY_CHECKS=@OLD_FOREIGN_KEY_CHECKS;
SET UNIQUE_CHECKS=@OLD_UNIQUE_CHECKS;

-- -----------------------------------------------------
-- Data for table `mydb`.`customer`
-- -----------------------------------------------------
START TRANSACTION;
USE `mydb`;
INSERT INTO `mydb`.`customer` (`cus_id`, `cus_fname`, `cus_lname`, `cus_street`, `cus_city`, `cus_state`, `cus_zip`, `cus_phone`, `cus_email`, `cus_url`, `cus_total_sales`, `cus_balance`, `cus_note`) VALUES (1, 'John', 'Jones', '45 timber ln', 'Tallahassee', 'FL', 32304, 8578345678, 'johnjones@gmail.com', NULL, 54.56, 0.00, NULL);
INSERT INTO `mydb`.`customer` (`cus_id`, `cus_fname`, `cus_lname`, `cus_street`, `cus_city`, `cus_state`, `cus_zip`, `cus_phone`, `cus_email`, `cus_url`, `cus_total_sales`, `cus_balance`, `cus_note`) VALUES (2, 'Phil', 'Nichetze', '56 Athens dr', 'Athens', 'GA', 46333, 6473628262, 'nitcheze@hotmail.com', NULL, 65.84, 30.02, NULL);
INSERT INTO `mydb`.`customer` (`cus_id`, `cus_fname`, `cus_lname`, `cus_street`, `cus_city`, `cus_state`, `cus_zip`, `cus_phone`, `cus_email`, `cus_url`, `cus_total_sales`, `cus_balance`, `cus_note`) VALUES (3, 'Tim', 'Rogers', '726 Park Ave', 'Palm ', 'AL', 82728, 8372829273, 'philIsCool@hotmail.com', 'www.facebook.com/phil3', 845.82, 600.00, NULL);
INSERT INTO `mydb`.`customer` (`cus_id`, `cus_fname`, `cus_lname`, `cus_street`, `cus_city`, `cus_state`, `cus_zip`, `cus_phone`, `cus_email`, `cus_url`, `cus_total_sales`, `cus_balance`, `cus_note`) VALUES (4, 'Ron ', 'Utwick', '33 Davis lane ', 'Greenville', 'HI', 82738, 8479230443, 'Greenvilleron@hotmail.com', NULL, 48.92, 14.58, NULL);
INSERT INTO `mydb`.`customer` (`cus_id`, `cus_fname`, `cus_lname`, `cus_street`, `cus_city`, `cus_state`, `cus_zip`, `cus_phone`, `cus_email`, `cus_url`, `cus_total_sales`, `cus_balance`, `cus_note`) VALUES (5, 'Lief', 'Erickson', '6 Viking rd', 'Tree', 'MO', 72822, 8813736462, 'valhala4ever@hotmail.com', NULL, 812.28, 811.28, NULL);
INSERT INTO `mydb`.`customer` (`cus_id`, `cus_fname`, `cus_lname`, `cus_street`, `cus_city`, `cus_state`, `cus_zip`, `cus_phone`, `cus_email`, `cus_url`, `cus_total_sales`, `cus_balance`, `cus_note`) VALUES (6, 'Rachel', 'Barter', '82 Bogie Ln', 'Jasper ', 'RI', 82938, 8377228737, 'rachel827@hotmail.com', NULL, 94.83, 0.00, NULL);
INSERT INTO `mydb`.`customer` (`cus_id`, `cus_fname`, `cus_lname`, `cus_street`, `cus_city`, `cus_state`, `cus_zip`, `cus_phone`, `cus_email`, `cus_url`, `cus_total_sales`, `cus_balance`, `cus_note`) VALUES (7, 'Sally ', 'White', '65 E Ranch rd', 'Gainesville', 'FL', 62273, 7263524217, 'sallygaines@gmail.com', NULL, 56.90, 52.58, NULL);
INSERT INTO `mydb`.`customer` (`cus_id`, `cus_fname`, `cus_lname`, `cus_street`, `cus_city`, `cus_state`, `cus_zip`, `cus_phone`, `cus_email`, `cus_url`, `cus_total_sales`, `cus_balance`, `cus_note`) VALUES (8, 'Julia', 'Rogers', '72 Broadway', 'Harper', 'GA', 73873, 8199793722, 'harperbroad@gmail.com', NULL, 635.83, 73.63, NULL);
INSERT INTO `mydb`.`customer` (`cus_id`, `cus_fname`, `cus_lname`, `cus_street`, `cus_city`, `cus_state`, `cus_zip`, `cus_phone`, `cus_email`, `cus_url`, `cus_total_sales`, `cus_balance`, `cus_note`) VALUES (9, 'Sawyer', 'Goamez', '73 Haynes ln', 'Pari', 'MI', 72873, 7475872312, 'sawyerpari@gmail.com', NULL, 75.63, 18.82, NULL);
INSERT INTO `mydb`.`customer` (`cus_id`, `cus_fname`, `cus_lname`, `cus_street`, `cus_city`, `cus_state`, `cus_zip`, `cus_phone`, `cus_email`, `cus_url`, `cus_total_sales`, `cus_balance`, `cus_note`) VALUES (10, 'Rob', 'Etters', '627 Eniswood rd', 'Rome', 'CA', 17379, 6412321929, 'romanetters@hotmail.com', NULL, 91.00, 0.00, NULL);

COMMIT;


-- -----------------------------------------------------
-- Data for table `mydb`.`petstore`
-- -----------------------------------------------------
START TRANSACTION;
USE `mydb`;
INSERT INTO `mydb`.`petstore` (`str_id`, `str_fname`, `str_lname`, `str_street`, `str_city`, `str_state`, `str_zip`, `str_phone`, `str_email`, `str_url`, `str_ytd_sales`, `str_note`) VALUES (1, 'Pet\'s R-Us ', 'Southeast', '74 N 3rd ave', 'Tallahassee', 'FL', 72638, 7248265534, 'southeast@petesrus.com', 'petesrus.com/southeast', 8621.28, NULL);
INSERT INTO `mydb`.`petstore` (`str_id`, `str_fname`, `str_lname`, `str_street`, `str_city`, `str_state`, `str_zip`, `str_phone`, `str_email`, `str_url`, `str_ytd_sales`, `str_note`) VALUES (2, 'Pet\'s R-Us ', 'Northwest', '6247 Jones ln', 'Havana', 'FL', 71331, 9827831821, 'northwest@petesrus.com', 'petesrus.com/northwest', 712361.98, NULL);
INSERT INTO `mydb`.`petstore` (`str_id`, `str_fname`, `str_lname`, `str_street`, `str_city`, `str_state`, `str_zip`, `str_phone`, `str_email`, `str_url`, `str_ytd_sales`, `str_note`) VALUES (3, 'Pet\'s R-Us ', 'North', '1 Pets Lane', 'New York', 'NY', 10021, 7281361271, 'north@petesrus.com', 'petesrus.com/north', 827.28, NULL);
INSERT INTO `mydb`.`petstore` (`str_id`, `str_fname`, `str_lname`, `str_street`, `str_city`, `str_state`, `str_zip`, `str_phone`, `str_email`, `str_url`, `str_ytd_sales`, `str_note`) VALUES (4, 'Pet\'s R-Us ', 'South', '74 56nd st', 'Jonestown', 'GA', 92733, 8746943832, 'south@petesrus.com', 'petesrus.com/south', 278462.73, NULL);
INSERT INTO `mydb`.`petstore` (`str_id`, `str_fname`, `str_lname`, `str_street`, `str_city`, `str_state`, `str_zip`, `str_phone`, `str_email`, `str_url`, `str_ytd_sales`, `str_note`) VALUES (5, 'Pet\'s R-Us ', 'Central', '67 N 1st ave', 'Asbury', 'NJ', 28973, 0187349128, 'central@petesrus.com', 'petesrus.com/central', 9823.92, NULL);
INSERT INTO `mydb`.`petstore` (`str_id`, `str_fname`, `str_lname`, `str_street`, `str_city`, `str_state`, `str_zip`, `str_phone`, `str_email`, `str_url`, `str_ytd_sales`, `str_note`) VALUES (6, 'Pet\'s R-Us ', 'West', '64 Handy dr', 'Sekonk', 'MA', 93863, 3864823433, 'west@petesrus.com', 'petesrus.com/west', 384768.74, NULL);
INSERT INTO `mydb`.`petstore` (`str_id`, `str_fname`, `str_lname`, `str_street`, `str_city`, `str_state`, `str_zip`, `str_phone`, `str_email`, `str_url`, `str_ytd_sales`, `str_note`) VALUES (7, 'Pet\'s R-Us ', 'East', '3 Avenue B', 'Boston', 'MA', 11128, 8236286373, 'east@petesrus.com', 'petesrus.com/east', 7834.82, NULL);
INSERT INTO `mydb`.`petstore` (`str_id`, `str_fname`, `str_lname`, `str_street`, `str_city`, `str_state`, `str_zip`, `str_phone`, `str_email`, `str_url`, `str_ytd_sales`, `str_note`) VALUES (8, 'Pet\'s R-Us ', 'Northeast', '73 Broadway', 'Salem', 'CO', 92712, 1836828346, 'northeast@petesrus.com', 'petesrus.com/northeast', 7136.82, NULL);
INSERT INTO `mydb`.`petstore` (`str_id`, `str_fname`, `str_lname`, `str_street`, `str_city`, `str_state`, `str_zip`, `str_phone`, `str_email`, `str_url`, `str_ytd_sales`, `str_note`) VALUES (9, 'Pet\'s R-Us ', 'Southwest', '283 Northen Ave', 'Gotham', 'WA', 37632, 7547623337, 'southwest@petesrus.com', 'petesrus.com/southwest', 412.52, NULL);
INSERT INTO `mydb`.`petstore` (`str_id`, `str_fname`, `str_lname`, `str_street`, `str_city`, `str_state`, `str_zip`, `str_phone`, `str_email`, `str_url`, `str_ytd_sales`, `str_note`) VALUES (10, 'Pet\'s R-Us ', 'Outlet', '1212 76th Ave', 'Howard', 'TX', 89237, 8234682348, 'outlet@petesrus.com', 'petesrus.com/outlet', 32864.62, NULL);

COMMIT;


-- -----------------------------------------------------
-- Data for table `mydb`.`pet`
-- -----------------------------------------------------
START TRANSACTION;
USE `mydb`;
INSERT INTO `mydb`.`pet` (`pet_id`, `pet_type`, `pet_sex`, `pet_price`, `pet_age`, `pet_color`, `pet_sale_date`, `pet_vaccine`, `pet_neuter`, `note`, `customer_cus_id`, `petstore_str_id`) VALUES (1, 'pig', 'f', 74.00, .5, 'pink', '2015-03-02', 'y', 'y', NULL, 1, 2);
INSERT INTO `mydb`.`pet` (`pet_id`, `pet_type`, `pet_sex`, `pet_price`, `pet_age`, `pet_color`, `pet_sale_date`, `pet_vaccine`, `pet_neuter`, `note`, `customer_cus_id`, `petstore_str_id`) VALUES (2, 'schnauzer', 'm', 527.98, 2, 'brown', '2014-12-31', 'y', 'y', NULL, 10, 7);
INSERT INTO `mydb`.`pet` (`pet_id`, `pet_type`, `pet_sex`, `pet_price`, `pet_age`, `pet_color`, `pet_sale_date`, `pet_vaccine`, `pet_neuter`, `note`, `customer_cus_id`, `petstore_str_id`) VALUES (3, 'peacock', 'f', 6347.92, 1, 'blue', '2015-11-09', 'n', 'n', NULL, 3, 5);
INSERT INTO `mydb`.`pet` (`pet_id`, `pet_type`, `pet_sex`, `pet_price`, `pet_age`, `pet_color`, `pet_sale_date`, `pet_vaccine`, `pet_neuter`, `note`, `customer_cus_id`, `petstore_str_id`) VALUES (4, 'boa constrictor', 'm', 53.11, 5, 'white', '2016-01-01', 'n', 'n', NULL, 2, 4);
INSERT INTO `mydb`.`pet` (`pet_id`, `pet_type`, `pet_sex`, `pet_price`, `pet_age`, `pet_color`, `pet_sale_date`, `pet_vaccine`, `pet_neuter`, `note`, `customer_cus_id`, `petstore_str_id`) VALUES (5, 'poodle', 'f', 6.92, 1, 'blue', '2016-02-10', 'y', 'y', NULL, 6, 8);
INSERT INTO `mydb`.`pet` (`pet_id`, `pet_type`, `pet_sex`, `pet_price`, `pet_age`, `pet_color`, `pet_sale_date`, `pet_vaccine`, `pet_neuter`, `note`, `customer_cus_id`, `petstore_str_id`) VALUES (6, 'groundhog', 'f', 73.82, 2, 'brown', '2015-02-01', 'y', 'n', NULL, 4, 9);
INSERT INTO `mydb`.`pet` (`pet_id`, `pet_type`, `pet_sex`, `pet_price`, `pet_age`, `pet_color`, `pet_sale_date`, `pet_vaccine`, `pet_neuter`, `note`, `customer_cus_id`, `petstore_str_id`) VALUES (7, 'husky', 'm', 65.00, 7, 'white', '2015-09-08', 'n', 'n', NULL, 5, 1);
INSERT INTO `mydb`.`pet` (`pet_id`, `pet_type`, `pet_sex`, `pet_price`, `pet_age`, `pet_color`, `pet_sale_date`, `pet_vaccine`, `pet_neuter`, `note`, `customer_cus_id`, `petstore_str_id`) VALUES (8, 'horse', 'm', 7287.90, 3, 'tan', '2014-03-01', 'y', 'y', NULL, 8, 2);
INSERT INTO `mydb`.`pet` (`pet_id`, `pet_type`, `pet_sex`, `pet_price`, `pet_age`, `pet_color`, `pet_sale_date`, `pet_vaccine`, `pet_neuter`, `note`, `customer_cus_id`, `petstore_str_id`) VALUES (9, 'turtle', 'f', 7483.76, 7, 'green', '2014-12-31', 'y', 'y', NULL, 9, 4);
INSERT INTO `mydb`.`pet` (`pet_id`, `pet_type`, `pet_sex`, `pet_price`, `pet_age`, `pet_color`, `pet_sale_date`, `pet_vaccine`, `pet_neuter`, `note`, `customer_cus_id`, `petstore_str_id`) VALUES (10, 'goose', 'f', 73.72, 6, 'white', '2015-09-30', 'n', 'y', NULL, 1, 2);

COMMIT;

